node_id,type,time,realisation
c0_t147,c,147,a
c10_t177,c,177,a
c11_t180,c,180,a
c12_t183,c,183,a
c13_t186,c,186,a
c14_t189,c,189,a
c15_t192,c,192,a
c16_t195,c,195,a
c17_t198,c,198,a
c18_t201,c,201,a
c19_t204,c,204,a
c1_t150,c,150,a
c20_t207,c,207,a
c21_t210,c,210,a
c22_t213,c,213,a
c23_t214,c,214,a
c2_t153,c,153,a
c3_t156,c,156,a
c4_t159,c,159,a
c5_t162,c,162,a
c6_t165,c,165,a
c7_t168,c,168,a
c8_t171,c,171,a
c9_t174,c,174,a
q0_t0,q,0,a
q0_t1,q,1,a
q0_t100,q,100,a
q0_t101,q,101,a
q0_t102,q,102,a
q0_t103,q,103,a
q0_t104,q,104,a
q0_t105,q,105,a
q0_t106,q,106,a
q0_t107,q,107,a
q0_t108,q,108,a
q0_t109,q,109,a
q0_t110,q,110,a
q0_t111,q,111,a
q0_t112,q,112,a
q0_t113,q,113,a
q0_t114,q,114,a
q0_t115,q,115,a
q0_t116,q,116,a
q0_t117,q,117,a
q0_t118,q,118,a
q0_t119,q,119,a
q0_t120,q,120,a
q0_t121,q,121,a
q0_t122,q,122,a
q0_t123,q,123,a
q0_t124,q,124,a
q0_t125,q,125,a
q0_t126,q,126,a
q0_t127,q,127,a
q0_t128,q,128,a
q0_t129,q,129,a
q0_t130,q,130,a
q0_t131,q,131,a
q0_t132,q,132,a
q0_t133,q,133,a
q0_t134,q,134,a
q0_t135,q,135,a
q0_t136,q,136,a
q0_t137,q,137,a
q0_t138,q,138,a
q0_t139,q,139,a
q0_t140,q,140,a
q0_t141,q,141,a
q0_t142,q,142,a
q0_t143,q,143,a
q0_t144,q,144,a
q0_t145,q,145,a
q0_t146,q,146,a
q0_t2,q,2,a
q0_t3,q,3,a
q0_t4,q,4,a
q0_t74,q,74,a
q0_t75,q,75,a
q0_t76,q,76,a
q0_t77,q,77,a
q0_t78,q,78,a
q0_t79,q,79,a
q0_t80,q,80,a
q0_t81,q,81,a
q0_t82,q,82,a
q0_t83,q,83,a
q0_t84,q,84,a
q0_t85,q,85,a
q0_t86,q,86,a
q0_t87,q,87,a
q0_t88,q,88,a
q0_t89,q,89,a
q0_t90,q,90,a
q0_t91,q,91,a
q0_t92,q,92,a
q0_t93,q,93,a
q0_t94,q,94,a
q0_t95,q,95,a
q0_t96,q,96,a
q0_t97,q,97,a
q0_t98,q,98,a
q0_t99,q,99,a
q10_t0,q,0,a
q10_t1,q,1,a
q10_t105,q,105,a
q10_t106,q,106,a
q10_t107,q,107,a
q10_t108,q,108,a
q10_t109,q,109,a
q10_t110,q,110,a
q10_t111,q,111,a
q10_t112,q,112,a
q10_t113,q,113,a
q10_t114,q,114,a
q10_t115,q,115,a
q10_t116,q,116,a
q10_t117,q,117,a
q10_t118,q,118,a
q10_t119,q,119,a
q10_t120,q,120,a
q10_t121,q,121,a
q10_t122,q,122,a
q10_t123,q,123,a
q10_t124,q,124,a
q10_t125,q,125,a
q10_t126,q,126,a
q10_t127,q,127,a
q10_t128,q,128,a
q10_t129,q,129,a
q10_t130,q,130,a
q10_t131,q,131,a
q10_t132,q,132,a
q10_t133,q,133,a
q10_t134,q,134,a
q10_t135,q,135,a
q10_t136,q,136,a
q10_t137,q,137,a
q10_t138,q,138,a
q10_t139,q,139,a
q10_t140,q,140,a
q10_t141,q,141,a
q10_t142,q,142,a
q10_t143,q,143,a
q10_t144,q,144,a
q10_t145,q,145,a
q10_t146,q,146,a
q10_t147,q,147,a
q10_t148,q,148,a
q10_t149,q,149,a
q10_t150,q,150,a
q10_t151,q,151,a
q10_t152,q,152,a
q10_t153,q,153,a
q10_t154,q,154,a
q10_t155,q,155,a
q10_t156,q,156,a
q10_t157,q,157,a
q10_t158,q,158,a
q10_t159,q,159,a
q10_t160,q,160,a
q10_t161,q,161,a
q10_t162,q,162,a
q10_t163,q,163,a
q10_t164,q,164,a
q10_t165,q,165,a
q10_t166,q,166,a
q10_t167,q,167,a
q10_t168,q,168,a
q10_t169,q,169,a
q10_t170,q,170,a
q10_t171,q,171,a
q10_t172,q,172,a
q10_t173,q,173,a
q10_t174,q,174,a
q10_t175,q,175,a
q10_t176,q,176,a
q10_t2,q,2,a
q10_t3,q,3,a
q10_t32,q,32,a
q10_t33,q,33,a
q10_t34,q,34,a
q10_t44,q,44,a
q10_t45,q,45,a
q10_t46,q,46,a
q11_t0,q,0,a
q11_t1,q,1,a
q11_t108,q,108,a
q11_t109,q,109,a
q11_t110,q,110,a
q11_t111,q,111,a
q11_t112,q,112,a
q11_t113,q,113,a
q11_t114,q,114,a
q11_t115,q,115,a
q11_t116,q,116,a
q11_t117,q,117,a
q11_t118,q,118,a
q11_t119,q,119,a
q11_t120,q,120,a
q11_t121,q,121,a
q11_t122,q,122,a
q11_t123,q,123,a
q11_t124,q,124,a
q11_t125,q,125,a
q11_t126,q,126,a
q11_t127,q,127,a
q11_t128,q,128,a
q11_t129,q,129,a
q11_t130,q,130,a
q11_t131,q,131,a
q11_t132,q,132,a
q11_t133,q,133,a
q11_t134,q,134,a
q11_t135,q,135,a
q11_t136,q,136,a
q11_t137,q,137,a
q11_t138,q,138,a
q11_t139,q,139,a
q11_t140,q,140,a
q11_t141,q,141,a
q11_t142,q,142,a
q11_t143,q,143,a
q11_t144,q,144,a
q11_t145,q,145,a
q11_t146,q,146,a
q11_t147,q,147,a
q11_t148,q,148,a
q11_t149,q,149,a
q11_t150,q,150,a
q11_t151,q,151,a
q11_t152,q,152,a
q11_t153,q,153,a
q11_t154,q,154,a
q11_t155,q,155,a
q11_t156,q,156,a
q11_t157,q,157,a
q11_t158,q,158,a
q11_t159,q,159,a
q11_t160,q,160,a
q11_t161,q,161,a
q11_t162,q,162,a
q11_t163,q,163,a
q11_t164,q,164,a
q11_t165,q,165,a
q11_t166,q,166,a
q11_t167,q,167,a
q11_t168,q,168,a
q11_t169,q,169,a
q11_t170,q,170,a
q11_t171,q,171,a
q11_t172,q,172,a
q11_t173,q,173,a
q11_t174,q,174,a
q11_t175,q,175,a
q11_t176,q,176,a
q11_t177,q,177,a
q11_t178,q,178,a
q11_t179,q,179,a
q11_t2,q,2,a
q11_t3,q,3,a
q11_t35,q,35,a
q11_t36,q,36,a
q11_t37,q,37,a
q11_t41,q,41,a
q11_t42,q,42,a
q11_t43,q,43,a
q12_t0,q,0,a
q12_t1,q,1,a
q12_t111,q,111,a
q12_t112,q,112,a
q12_t113,q,113,a
q12_t114,q,114,a
q12_t115,q,115,a
q12_t116,q,116,a
q12_t117,q,117,a
q12_t118,q,118,a
q12_t119,q,119,a
q12_t120,q,120,a
q12_t121,q,121,a
q12_t122,q,122,a
q12_t123,q,123,a
q12_t124,q,124,a
q12_t125,q,125,a
q12_t126,q,126,a
q12_t127,q,127,a
q12_t128,q,128,a
q12_t129,q,129,a
q12_t130,q,130,a
q12_t131,q,131,a
q12_t132,q,132,a
q12_t133,q,133,a
q12_t134,q,134,a
q12_t135,q,135,a
q12_t136,q,136,a
q12_t137,q,137,a
q12_t138,q,138,a
q12_t139,q,139,a
q12_t140,q,140,a
q12_t141,q,141,a
q12_t142,q,142,a
q12_t143,q,143,a
q12_t144,q,144,a
q12_t145,q,145,a
q12_t146,q,146,a
q12_t147,q,147,a
q12_t148,q,148,a
q12_t149,q,149,a
q12_t150,q,150,a
q12_t151,q,151,a
q12_t152,q,152,a
q12_t153,q,153,a
q12_t154,q,154,a
q12_t155,q,155,a
q12_t156,q,156,a
q12_t157,q,157,a
q12_t158,q,158,a
q12_t159,q,159,a
q12_t160,q,160,a
q12_t161,q,161,a
q12_t162,q,162,a
q12_t163,q,163,a
q12_t164,q,164,a
q12_t165,q,165,a
q12_t166,q,166,a
q12_t167,q,167,a
q12_t168,q,168,a
q12_t169,q,169,a
q12_t170,q,170,a
q12_t171,q,171,a
q12_t172,q,172,a
q12_t173,q,173,a
q12_t174,q,174,a
q12_t175,q,175,a
q12_t176,q,176,a
q12_t177,q,177,a
q12_t178,q,178,a
q12_t179,q,179,a
q12_t180,q,180,a
q12_t181,q,181,a
q12_t182,q,182,a
q12_t2,q,2,a
q12_t3,q,3,a
q12_t38,q,38,a
q12_t39,q,39,a
q12_t40,q,40,a
q12_t41,q,41,a
q12_t42,q,42,a
q12_t43,q,43,a
q13_t0,q,0,a
q13_t1,q,1,a
q13_t114,q,114,a
q13_t115,q,115,a
q13_t116,q,116,a
q13_t117,q,117,a
q13_t118,q,118,a
q13_t119,q,119,a
q13_t120,q,120,a
q13_t121,q,121,a
q13_t122,q,122,a
q13_t123,q,123,a
q13_t124,q,124,a
q13_t125,q,125,a
q13_t126,q,126,a
q13_t127,q,127,a
q13_t128,q,128,a
q13_t129,q,129,a
q13_t130,q,130,a
q13_t131,q,131,a
q13_t132,q,132,a
q13_t133,q,133,a
q13_t134,q,134,a
q13_t135,q,135,a
q13_t136,q,136,a
q13_t137,q,137,a
q13_t138,q,138,a
q13_t139,q,139,a
q13_t140,q,140,a
q13_t141,q,141,a
q13_t142,q,142,a
q13_t143,q,143,a
q13_t144,q,144,a
q13_t145,q,145,a
q13_t146,q,146,a
q13_t147,q,147,a
q13_t148,q,148,a
q13_t149,q,149,a
q13_t150,q,150,a
q13_t151,q,151,a
q13_t152,q,152,a
q13_t153,q,153,a
q13_t154,q,154,a
q13_t155,q,155,a
q13_t156,q,156,a
q13_t157,q,157,a
q13_t158,q,158,a
q13_t159,q,159,a
q13_t160,q,160,a
q13_t161,q,161,a
q13_t162,q,162,a
q13_t163,q,163,a
q13_t164,q,164,a
q13_t165,q,165,a
q13_t166,q,166,a
q13_t167,q,167,a
q13_t168,q,168,a
q13_t169,q,169,a
q13_t170,q,170,a
q13_t171,q,171,a
q13_t172,q,172,a
q13_t173,q,173,a
q13_t174,q,174,a
q13_t175,q,175,a
q13_t176,q,176,a
q13_t177,q,177,a
q13_t178,q,178,a
q13_t179,q,179,a
q13_t180,q,180,a
q13_t181,q,181,a
q13_t182,q,182,a
q13_t183,q,183,a
q13_t184,q,184,a
q13_t185,q,185,a
q13_t2,q,2,a
q13_t3,q,3,a
q13_t41,q,41,a
q13_t42,q,42,a
q13_t43,q,43,a
q13_t44,q,44,a
q13_t45,q,45,a
q13_t46,q,46,a
q14_t0,q,0,a
q14_t1,q,1,a
q14_t117,q,117,a
q14_t118,q,118,a
q14_t119,q,119,a
q14_t120,q,120,a
q14_t121,q,121,a
q14_t122,q,122,a
q14_t123,q,123,a
q14_t124,q,124,a
q14_t125,q,125,a
q14_t126,q,126,a
q14_t127,q,127,a
q14_t128,q,128,a
q14_t129,q,129,a
q14_t130,q,130,a
q14_t131,q,131,a
q14_t132,q,132,a
q14_t133,q,133,a
q14_t134,q,134,a
q14_t135,q,135,a
q14_t136,q,136,a
q14_t137,q,137,a
q14_t138,q,138,a
q14_t139,q,139,a
q14_t140,q,140,a
q14_t141,q,141,a
q14_t142,q,142,a
q14_t143,q,143,a
q14_t144,q,144,a
q14_t145,q,145,a
q14_t146,q,146,a
q14_t147,q,147,a
q14_t148,q,148,a
q14_t149,q,149,a
q14_t150,q,150,a
q14_t151,q,151,a
q14_t152,q,152,a
q14_t153,q,153,a
q14_t154,q,154,a
q14_t155,q,155,a
q14_t156,q,156,a
q14_t157,q,157,a
q14_t158,q,158,a
q14_t159,q,159,a
q14_t160,q,160,a
q14_t161,q,161,a
q14_t162,q,162,a
q14_t163,q,163,a
q14_t164,q,164,a
q14_t165,q,165,a
q14_t166,q,166,a
q14_t167,q,167,a
q14_t168,q,168,a
q14_t169,q,169,a
q14_t170,q,170,a
q14_t171,q,171,a
q14_t172,q,172,a
q14_t173,q,173,a
q14_t174,q,174,a
q14_t175,q,175,a
q14_t176,q,176,a
q14_t177,q,177,a
q14_t178,q,178,a
q14_t179,q,179,a
q14_t180,q,180,a
q14_t181,q,181,a
q14_t182,q,182,a
q14_t183,q,183,a
q14_t184,q,184,a
q14_t185,q,185,a
q14_t186,q,186,a
q14_t187,q,187,a
q14_t188,q,188,a
q14_t2,q,2,a
q14_t3,q,3,a
q14_t44,q,44,a
q14_t45,q,45,a
q14_t46,q,46,a
q14_t47,q,47,a
q14_t48,q,48,a
q14_t49,q,49,a
q15_t0,q,0,a
q15_t1,q,1,a
q15_t120,q,120,a
q15_t121,q,121,a
q15_t122,q,122,a
q15_t123,q,123,a
q15_t124,q,124,a
q15_t125,q,125,a
q15_t126,q,126,a
q15_t127,q,127,a
q15_t128,q,128,a
q15_t129,q,129,a
q15_t130,q,130,a
q15_t131,q,131,a
q15_t132,q,132,a
q15_t133,q,133,a
q15_t134,q,134,a
q15_t135,q,135,a
q15_t136,q,136,a
q15_t137,q,137,a
q15_t138,q,138,a
q15_t139,q,139,a
q15_t140,q,140,a
q15_t141,q,141,a
q15_t142,q,142,a
q15_t143,q,143,a
q15_t144,q,144,a
q15_t145,q,145,a
q15_t146,q,146,a
q15_t147,q,147,a
q15_t148,q,148,a
q15_t149,q,149,a
q15_t150,q,150,a
q15_t151,q,151,a
q15_t152,q,152,a
q15_t153,q,153,a
q15_t154,q,154,a
q15_t155,q,155,a
q15_t156,q,156,a
q15_t157,q,157,a
q15_t158,q,158,a
q15_t159,q,159,a
q15_t160,q,160,a
q15_t161,q,161,a
q15_t162,q,162,a
q15_t163,q,163,a
q15_t164,q,164,a
q15_t165,q,165,a
q15_t166,q,166,a
q15_t167,q,167,a
q15_t168,q,168,a
q15_t169,q,169,a
q15_t170,q,170,a
q15_t171,q,171,a
q15_t172,q,172,a
q15_t173,q,173,a
q15_t174,q,174,a
q15_t175,q,175,a
q15_t176,q,176,a
q15_t177,q,177,a
q15_t178,q,178,a
q15_t179,q,179,a
q15_t180,q,180,a
q15_t181,q,181,a
q15_t182,q,182,a
q15_t183,q,183,a
q15_t184,q,184,a
q15_t185,q,185,a
q15_t186,q,186,a
q15_t187,q,187,a
q15_t188,q,188,a
q15_t189,q,189,a
q15_t190,q,190,a
q15_t191,q,191,a
q15_t2,q,2,a
q15_t3,q,3,a
q15_t47,q,47,a
q15_t48,q,48,a
q15_t49,q,49,a
q15_t50,q,50,a
q15_t51,q,51,a
q15_t52,q,52,a
q16_t0,q,0,a
q16_t1,q,1,a
q16_t123,q,123,a
q16_t124,q,124,a
q16_t125,q,125,a
q16_t126,q,126,a
q16_t127,q,127,a
q16_t128,q,128,a
q16_t129,q,129,a
q16_t130,q,130,a
q16_t131,q,131,a
q16_t132,q,132,a
q16_t133,q,133,a
q16_t134,q,134,a
q16_t135,q,135,a
q16_t136,q,136,a
q16_t137,q,137,a
q16_t138,q,138,a
q16_t139,q,139,a
q16_t140,q,140,a
q16_t141,q,141,a
q16_t142,q,142,a
q16_t143,q,143,a
q16_t144,q,144,a
q16_t145,q,145,a
q16_t146,q,146,a
q16_t147,q,147,a
q16_t148,q,148,a
q16_t149,q,149,a
q16_t150,q,150,a
q16_t151,q,151,a
q16_t152,q,152,a
q16_t153,q,153,a
q16_t154,q,154,a
q16_t155,q,155,a
q16_t156,q,156,a
q16_t157,q,157,a
q16_t158,q,158,a
q16_t159,q,159,a
q16_t160,q,160,a
q16_t161,q,161,a
q16_t162,q,162,a
q16_t163,q,163,a
q16_t164,q,164,a
q16_t165,q,165,a
q16_t166,q,166,a
q16_t167,q,167,a
q16_t168,q,168,a
q16_t169,q,169,a
q16_t170,q,170,a
q16_t171,q,171,a
q16_t172,q,172,a
q16_t173,q,173,a
q16_t174,q,174,a
q16_t175,q,175,a
q16_t176,q,176,a
q16_t177,q,177,a
q16_t178,q,178,a
q16_t179,q,179,a
q16_t180,q,180,a
q16_t181,q,181,a
q16_t182,q,182,a
q16_t183,q,183,a
q16_t184,q,184,a
q16_t185,q,185,a
q16_t186,q,186,a
q16_t187,q,187,a
q16_t188,q,188,a
q16_t189,q,189,a
q16_t190,q,190,a
q16_t191,q,191,a
q16_t192,q,192,a
q16_t193,q,193,a
q16_t194,q,194,a
q16_t2,q,2,a
q16_t3,q,3,a
q16_t50,q,50,a
q16_t51,q,51,a
q16_t52,q,52,a
q16_t53,q,53,a
q16_t54,q,54,a
q16_t55,q,55,a
q17_t0,q,0,a
q17_t1,q,1,a
q17_t126,q,126,a
q17_t127,q,127,a
q17_t128,q,128,a
q17_t129,q,129,a
q17_t130,q,130,a
q17_t131,q,131,a
q17_t132,q,132,a
q17_t133,q,133,a
q17_t134,q,134,a
q17_t135,q,135,a
q17_t136,q,136,a
q17_t137,q,137,a
q17_t138,q,138,a
q17_t139,q,139,a
q17_t140,q,140,a
q17_t141,q,141,a
q17_t142,q,142,a
q17_t143,q,143,a
q17_t144,q,144,a
q17_t145,q,145,a
q17_t146,q,146,a
q17_t147,q,147,a
q17_t148,q,148,a
q17_t149,q,149,a
q17_t150,q,150,a
q17_t151,q,151,a
q17_t152,q,152,a
q17_t153,q,153,a
q17_t154,q,154,a
q17_t155,q,155,a
q17_t156,q,156,a
q17_t157,q,157,a
q17_t158,q,158,a
q17_t159,q,159,a
q17_t160,q,160,a
q17_t161,q,161,a
q17_t162,q,162,a
q17_t163,q,163,a
q17_t164,q,164,a
q17_t165,q,165,a
q17_t166,q,166,a
q17_t167,q,167,a
q17_t168,q,168,a
q17_t169,q,169,a
q17_t170,q,170,a
q17_t171,q,171,a
q17_t172,q,172,a
q17_t173,q,173,a
q17_t174,q,174,a
q17_t175,q,175,a
q17_t176,q,176,a
q17_t177,q,177,a
q17_t178,q,178,a
q17_t179,q,179,a
q17_t180,q,180,a
q17_t181,q,181,a
q17_t182,q,182,a
q17_t183,q,183,a
q17_t184,q,184,a
q17_t185,q,185,a
q17_t186,q,186,a
q17_t187,q,187,a
q17_t188,q,188,a
q17_t189,q,189,a
q17_t190,q,190,a
q17_t191,q,191,a
q17_t192,q,192,a
q17_t193,q,193,a
q17_t194,q,194,a
q17_t195,q,195,a
q17_t196,q,196,a
q17_t197,q,197,a
q17_t2,q,2,a
q17_t3,q,3,a
q17_t53,q,53,a
q17_t54,q,54,a
q17_t55,q,55,a
q17_t56,q,56,a
q17_t57,q,57,a
q17_t58,q,58,a
q18_t0,q,0,a
q18_t1,q,1,a
q18_t129,q,129,a
q18_t130,q,130,a
q18_t131,q,131,a
q18_t132,q,132,a
q18_t133,q,133,a
q18_t134,q,134,a
q18_t135,q,135,a
q18_t136,q,136,a
q18_t137,q,137,a
q18_t138,q,138,a
q18_t139,q,139,a
q18_t140,q,140,a
q18_t141,q,141,a
q18_t142,q,142,a
q18_t143,q,143,a
q18_t144,q,144,a
q18_t145,q,145,a
q18_t146,q,146,a
q18_t147,q,147,a
q18_t148,q,148,a
q18_t149,q,149,a
q18_t150,q,150,a
q18_t151,q,151,a
q18_t152,q,152,a
q18_t153,q,153,a
q18_t154,q,154,a
q18_t155,q,155,a
q18_t156,q,156,a
q18_t157,q,157,a
q18_t158,q,158,a
q18_t159,q,159,a
q18_t160,q,160,a
q18_t161,q,161,a
q18_t162,q,162,a
q18_t163,q,163,a
q18_t164,q,164,a
q18_t165,q,165,a
q18_t166,q,166,a
q18_t167,q,167,a
q18_t168,q,168,a
q18_t169,q,169,a
q18_t170,q,170,a
q18_t171,q,171,a
q18_t172,q,172,a
q18_t173,q,173,a
q18_t174,q,174,a
q18_t175,q,175,a
q18_t176,q,176,a
q18_t177,q,177,a
q18_t178,q,178,a
q18_t179,q,179,a
q18_t180,q,180,a
q18_t181,q,181,a
q18_t182,q,182,a
q18_t183,q,183,a
q18_t184,q,184,a
q18_t185,q,185,a
q18_t186,q,186,a
q18_t187,q,187,a
q18_t188,q,188,a
q18_t189,q,189,a
q18_t190,q,190,a
q18_t191,q,191,a
q18_t192,q,192,a
q18_t193,q,193,a
q18_t194,q,194,a
q18_t195,q,195,a
q18_t196,q,196,a
q18_t197,q,197,a
q18_t198,q,198,a
q18_t199,q,199,a
q18_t2,q,2,a
q18_t200,q,200,a
q18_t3,q,3,a
q18_t56,q,56,a
q18_t57,q,57,a
q18_t58,q,58,a
q18_t59,q,59,a
q18_t60,q,60,a
q18_t61,q,61,a
q19_t0,q,0,a
q19_t1,q,1,a
q19_t132,q,132,a
q19_t133,q,133,a
q19_t134,q,134,a
q19_t135,q,135,a
q19_t136,q,136,a
q19_t137,q,137,a
q19_t138,q,138,a
q19_t139,q,139,a
q19_t140,q,140,a
q19_t141,q,141,a
q19_t142,q,142,a
q19_t143,q,143,a
q19_t144,q,144,a
q19_t145,q,145,a
q19_t146,q,146,a
q19_t147,q,147,a
q19_t148,q,148,a
q19_t149,q,149,a
q19_t150,q,150,a
q19_t151,q,151,a
q19_t152,q,152,a
q19_t153,q,153,a
q19_t154,q,154,a
q19_t155,q,155,a
q19_t156,q,156,a
q19_t157,q,157,a
q19_t158,q,158,a
q19_t159,q,159,a
q19_t160,q,160,a
q19_t161,q,161,a
q19_t162,q,162,a
q19_t163,q,163,a
q19_t164,q,164,a
q19_t165,q,165,a
q19_t166,q,166,a
q19_t167,q,167,a
q19_t168,q,168,a
q19_t169,q,169,a
q19_t170,q,170,a
q19_t171,q,171,a
q19_t172,q,172,a
q19_t173,q,173,a
q19_t174,q,174,a
q19_t175,q,175,a
q19_t176,q,176,a
q19_t177,q,177,a
q19_t178,q,178,a
q19_t179,q,179,a
q19_t180,q,180,a
q19_t181,q,181,a
q19_t182,q,182,a
q19_t183,q,183,a
q19_t184,q,184,a
q19_t185,q,185,a
q19_t186,q,186,a
q19_t187,q,187,a
q19_t188,q,188,a
q19_t189,q,189,a
q19_t190,q,190,a
q19_t191,q,191,a
q19_t192,q,192,a
q19_t193,q,193,a
q19_t194,q,194,a
q19_t195,q,195,a
q19_t196,q,196,a
q19_t197,q,197,a
q19_t198,q,198,a
q19_t199,q,199,a
q19_t2,q,2,a
q19_t200,q,200,a
q19_t201,q,201,a
q19_t202,q,202,a
q19_t203,q,203,a
q19_t3,q,3,a
q19_t59,q,59,a
q19_t60,q,60,a
q19_t61,q,61,a
q19_t62,q,62,a
q19_t63,q,63,a
q19_t64,q,64,a
q1_t0,q,0,a
q1_t1,q,1,a
q1_t100,q,100,a
q1_t101,q,101,a
q1_t102,q,102,a
q1_t103,q,103,a
q1_t104,q,104,a
q1_t105,q,105,a
q1_t106,q,106,a
q1_t107,q,107,a
q1_t108,q,108,a
q1_t109,q,109,a
q1_t110,q,110,a
q1_t111,q,111,a
q1_t112,q,112,a
q1_t113,q,113,a
q1_t114,q,114,a
q1_t115,q,115,a
q1_t116,q,116,a
q1_t117,q,117,a
q1_t118,q,118,a
q1_t119,q,119,a
q1_t120,q,120,a
q1_t121,q,121,a
q1_t122,q,122,a
q1_t123,q,123,a
q1_t124,q,124,a
q1_t125,q,125,a
q1_t126,q,126,a
q1_t127,q,127,a
q1_t128,q,128,a
q1_t129,q,129,a
q1_t130,q,130,a
q1_t131,q,131,a
q1_t132,q,132,a
q1_t133,q,133,a
q1_t134,q,134,a
q1_t135,q,135,a
q1_t136,q,136,a
q1_t137,q,137,a
q1_t138,q,138,a
q1_t139,q,139,a
q1_t140,q,140,a
q1_t141,q,141,a
q1_t142,q,142,a
q1_t143,q,143,a
q1_t144,q,144,a
q1_t145,q,145,a
q1_t146,q,146,a
q1_t147,q,147,a
q1_t148,q,148,a
q1_t149,q,149,a
q1_t2,q,2,a
q1_t3,q,3,a
q1_t5,q,5,a
q1_t6,q,6,a
q1_t7,q,7,a
q1_t71,q,71,a
q1_t72,q,72,a
q1_t73,q,73,a
q1_t78,q,78,a
q1_t79,q,79,a
q1_t80,q,80,a
q1_t81,q,81,a
q1_t82,q,82,a
q1_t83,q,83,a
q1_t84,q,84,a
q1_t85,q,85,a
q1_t86,q,86,a
q1_t87,q,87,a
q1_t88,q,88,a
q1_t89,q,89,a
q1_t90,q,90,a
q1_t91,q,91,a
q1_t92,q,92,a
q1_t93,q,93,a
q1_t94,q,94,a
q1_t95,q,95,a
q1_t96,q,96,a
q1_t97,q,97,a
q1_t98,q,98,a
q1_t99,q,99,a
q20_t0,q,0,a
q20_t1,q,1,a
q20_t135,q,135,a
q20_t136,q,136,a
q20_t137,q,137,a
q20_t138,q,138,a
q20_t139,q,139,a
q20_t140,q,140,a
q20_t141,q,141,a
q20_t142,q,142,a
q20_t143,q,143,a
q20_t144,q,144,a
q20_t145,q,145,a
q20_t146,q,146,a
q20_t147,q,147,a
q20_t148,q,148,a
q20_t149,q,149,a
q20_t150,q,150,a
q20_t151,q,151,a
q20_t152,q,152,a
q20_t153,q,153,a
q20_t154,q,154,a
q20_t155,q,155,a
q20_t156,q,156,a
q20_t157,q,157,a
q20_t158,q,158,a
q20_t159,q,159,a
q20_t160,q,160,a
q20_t161,q,161,a
q20_t162,q,162,a
q20_t163,q,163,a
q20_t164,q,164,a
q20_t165,q,165,a
q20_t166,q,166,a
q20_t167,q,167,a
q20_t168,q,168,a
q20_t169,q,169,a
q20_t170,q,170,a
q20_t171,q,171,a
q20_t172,q,172,a
q20_t173,q,173,a
q20_t174,q,174,a
q20_t175,q,175,a
q20_t176,q,176,a
q20_t177,q,177,a
q20_t178,q,178,a
q20_t179,q,179,a
q20_t180,q,180,a
q20_t181,q,181,a
q20_t182,q,182,a
q20_t183,q,183,a
q20_t184,q,184,a
q20_t185,q,185,a
q20_t186,q,186,a
q20_t187,q,187,a
q20_t188,q,188,a
q20_t189,q,189,a
q20_t190,q,190,a
q20_t191,q,191,a
q20_t192,q,192,a
q20_t193,q,193,a
q20_t194,q,194,a
q20_t195,q,195,a
q20_t196,q,196,a
q20_t197,q,197,a
q20_t198,q,198,a
q20_t199,q,199,a
q20_t2,q,2,a
q20_t200,q,200,a
q20_t201,q,201,a
q20_t202,q,202,a
q20_t203,q,203,a
q20_t204,q,204,a
q20_t205,q,205,a
q20_t206,q,206,a
q20_t3,q,3,a
q20_t62,q,62,a
q20_t63,q,63,a
q20_t64,q,64,a
q20_t65,q,65,a
q20_t66,q,66,a
q20_t67,q,67,a
q21_t0,q,0,a
q21_t1,q,1,a
q21_t138,q,138,a
q21_t139,q,139,a
q21_t140,q,140,a
q21_t141,q,141,a
q21_t142,q,142,a
q21_t143,q,143,a
q21_t144,q,144,a
q21_t145,q,145,a
q21_t146,q,146,a
q21_t147,q,147,a
q21_t148,q,148,a
q21_t149,q,149,a
q21_t150,q,150,a
q21_t151,q,151,a
q21_t152,q,152,a
q21_t153,q,153,a
q21_t154,q,154,a
q21_t155,q,155,a
q21_t156,q,156,a
q21_t157,q,157,a
q21_t158,q,158,a
q21_t159,q,159,a
q21_t160,q,160,a
q21_t161,q,161,a
q21_t162,q,162,a
q21_t163,q,163,a
q21_t164,q,164,a
q21_t165,q,165,a
q21_t166,q,166,a
q21_t167,q,167,a
q21_t168,q,168,a
q21_t169,q,169,a
q21_t170,q,170,a
q21_t171,q,171,a
q21_t172,q,172,a
q21_t173,q,173,a
q21_t174,q,174,a
q21_t175,q,175,a
q21_t176,q,176,a
q21_t177,q,177,a
q21_t178,q,178,a
q21_t179,q,179,a
q21_t180,q,180,a
q21_t181,q,181,a
q21_t182,q,182,a
q21_t183,q,183,a
q21_t184,q,184,a
q21_t185,q,185,a
q21_t186,q,186,a
q21_t187,q,187,a
q21_t188,q,188,a
q21_t189,q,189,a
q21_t190,q,190,a
q21_t191,q,191,a
q21_t192,q,192,a
q21_t193,q,193,a
q21_t194,q,194,a
q21_t195,q,195,a
q21_t196,q,196,a
q21_t197,q,197,a
q21_t198,q,198,a
q21_t199,q,199,a
q21_t2,q,2,a
q21_t200,q,200,a
q21_t201,q,201,a
q21_t202,q,202,a
q21_t203,q,203,a
q21_t204,q,204,a
q21_t205,q,205,a
q21_t206,q,206,a
q21_t207,q,207,a
q21_t208,q,208,a
q21_t209,q,209,a
q21_t3,q,3,a
q21_t65,q,65,a
q21_t66,q,66,a
q21_t67,q,67,a
q21_t68,q,68,a
q21_t69,q,69,a
q21_t70,q,70,a
q22_t0,q,0,a
q22_t1,q,1,a
q22_t141,q,141,a
q22_t142,q,142,a
q22_t143,q,143,a
q22_t144,q,144,a
q22_t145,q,145,a
q22_t146,q,146,a
q22_t147,q,147,a
q22_t148,q,148,a
q22_t149,q,149,a
q22_t150,q,150,a
q22_t151,q,151,a
q22_t152,q,152,a
q22_t153,q,153,a
q22_t154,q,154,a
q22_t155,q,155,a
q22_t156,q,156,a
q22_t157,q,157,a
q22_t158,q,158,a
q22_t159,q,159,a
q22_t160,q,160,a
q22_t161,q,161,a
q22_t162,q,162,a
q22_t163,q,163,a
q22_t164,q,164,a
q22_t165,q,165,a
q22_t166,q,166,a
q22_t167,q,167,a
q22_t168,q,168,a
q22_t169,q,169,a
q22_t170,q,170,a
q22_t171,q,171,a
q22_t172,q,172,a
q22_t173,q,173,a
q22_t174,q,174,a
q22_t175,q,175,a
q22_t176,q,176,a
q22_t177,q,177,a
q22_t178,q,178,a
q22_t179,q,179,a
q22_t180,q,180,a
q22_t181,q,181,a
q22_t182,q,182,a
q22_t183,q,183,a
q22_t184,q,184,a
q22_t185,q,185,a
q22_t186,q,186,a
q22_t187,q,187,a
q22_t188,q,188,a
q22_t189,q,189,a
q22_t190,q,190,a
q22_t191,q,191,a
q22_t192,q,192,a
q22_t193,q,193,a
q22_t194,q,194,a
q22_t195,q,195,a
q22_t196,q,196,a
q22_t197,q,197,a
q22_t198,q,198,a
q22_t199,q,199,a
q22_t2,q,2,a
q22_t200,q,200,a
q22_t201,q,201,a
q22_t202,q,202,a
q22_t203,q,203,a
q22_t204,q,204,a
q22_t205,q,205,a
q22_t206,q,206,a
q22_t207,q,207,a
q22_t208,q,208,a
q22_t209,q,209,a
q22_t210,q,210,a
q22_t211,q,211,a
q22_t212,q,212,a
q22_t3,q,3,a
q22_t68,q,68,a
q22_t69,q,69,a
q22_t70,q,70,a
q22_t71,q,71,a
q22_t72,q,72,a
q22_t73,q,73,a
q23_t0,q,0,a
q23_t1,q,1,a
q23_t144,q,144,a
q23_t145,q,145,a
q23_t146,q,146,a
q23_t147,q,147,a
q23_t148,q,148,a
q23_t149,q,149,a
q23_t150,q,150,a
q23_t151,q,151,a
q23_t152,q,152,a
q23_t153,q,153,a
q23_t154,q,154,a
q23_t155,q,155,a
q23_t156,q,156,a
q23_t157,q,157,a
q23_t158,q,158,a
q23_t159,q,159,a
q23_t160,q,160,a
q23_t161,q,161,a
q23_t162,q,162,a
q23_t163,q,163,a
q23_t164,q,164,a
q23_t165,q,165,a
q23_t166,q,166,a
q23_t167,q,167,a
q23_t168,q,168,a
q23_t169,q,169,a
q23_t170,q,170,a
q23_t171,q,171,a
q23_t172,q,172,a
q23_t173,q,173,a
q23_t174,q,174,a
q23_t175,q,175,a
q23_t176,q,176,a
q23_t177,q,177,a
q23_t178,q,178,a
q23_t179,q,179,a
q23_t180,q,180,a
q23_t181,q,181,a
q23_t182,q,182,a
q23_t183,q,183,a
q23_t184,q,184,a
q23_t185,q,185,a
q23_t186,q,186,a
q23_t187,q,187,a
q23_t188,q,188,a
q23_t189,q,189,a
q23_t190,q,190,a
q23_t191,q,191,a
q23_t192,q,192,a
q23_t193,q,193,a
q23_t194,q,194,a
q23_t195,q,195,a
q23_t196,q,196,a
q23_t197,q,197,a
q23_t198,q,198,a
q23_t199,q,199,a
q23_t2,q,2,a
q23_t200,q,200,a
q23_t201,q,201,a
q23_t202,q,202,a
q23_t203,q,203,a
q23_t204,q,204,a
q23_t205,q,205,a
q23_t206,q,206,a
q23_t207,q,207,a
q23_t208,q,208,a
q23_t209,q,209,a
q23_t210,q,210,a
q23_t211,q,211,a
q23_t212,q,212,a
q23_t213,q,213,a
q23_t214,q,214,a
q23_t215,q,215,a
q23_t3,q,3,a
q23_t71,q,71,a
q23_t72,q,72,a
q23_t73,q,73,a
q23_t74,q,74,a
q23_t75,q,75,a
q23_t76,q,76,a
q24_t0,q,0,a
q24_t1,q,1,a
q24_t10,q,10,a
q24_t11,q,11,a
q24_t12,q,12,a
q24_t13,q,13,a
q24_t14,q,14,a
q24_t15,q,15,a
q24_t16,q,16,a
q24_t17,q,17,a
q24_t18,q,18,a
q24_t19,q,19,a
q24_t2,q,2,a
q24_t20,q,20,a
q24_t21,q,21,a
q24_t22,q,22,a
q24_t23,q,23,a
q24_t24,q,24,a
q24_t25,q,25,a
q24_t26,q,26,a
q24_t27,q,27,a
q24_t28,q,28,a
q24_t29,q,29,a
q24_t3,q,3,a
q24_t30,q,30,a
q24_t31,q,31,a
q24_t32,q,32,a
q24_t33,q,33,a
q24_t34,q,34,a
q24_t35,q,35,a
q24_t36,q,36,a
q24_t37,q,37,a
q24_t38,q,38,a
q24_t39,q,39,a
q24_t4,q,4,a
q24_t40,q,40,a
q24_t41,q,41,a
q24_t42,q,42,a
q24_t43,q,43,a
q24_t44,q,44,a
q24_t45,q,45,a
q24_t46,q,46,a
q24_t47,q,47,a
q24_t48,q,48,a
q24_t49,q,49,a
q24_t5,q,5,a
q24_t50,q,50,a
q24_t51,q,51,a
q24_t52,q,52,a
q24_t53,q,53,a
q24_t54,q,54,a
q24_t55,q,55,a
q24_t56,q,56,a
q24_t57,q,57,a
q24_t58,q,58,a
q24_t59,q,59,a
q24_t6,q,6,a
q24_t60,q,60,a
q24_t61,q,61,a
q24_t62,q,62,a
q24_t63,q,63,a
q24_t64,q,64,a
q24_t65,q,65,a
q24_t66,q,66,a
q24_t67,q,67,a
q24_t68,q,68,a
q24_t69,q,69,a
q24_t7,q,7,a
q24_t70,q,70,a
q24_t71,q,71,a
q24_t72,q,72,a
q24_t73,q,73,a
q24_t8,q,8,a
q24_t9,q,9,a
q2_t0,q,0,a
q2_t1,q,1,a
q2_t10,q,10,a
q2_t100,q,100,a
q2_t101,q,101,a
q2_t102,q,102,a
q2_t103,q,103,a
q2_t104,q,104,a
q2_t105,q,105,a
q2_t106,q,106,a
q2_t107,q,107,a
q2_t108,q,108,a
q2_t109,q,109,a
q2_t110,q,110,a
q2_t111,q,111,a
q2_t112,q,112,a
q2_t113,q,113,a
q2_t114,q,114,a
q2_t115,q,115,a
q2_t116,q,116,a
q2_t117,q,117,a
q2_t118,q,118,a
q2_t119,q,119,a
q2_t120,q,120,a
q2_t121,q,121,a
q2_t122,q,122,a
q2_t123,q,123,a
q2_t124,q,124,a
q2_t125,q,125,a
q2_t126,q,126,a
q2_t127,q,127,a
q2_t128,q,128,a
q2_t129,q,129,a
q2_t130,q,130,a
q2_t131,q,131,a
q2_t132,q,132,a
q2_t133,q,133,a
q2_t134,q,134,a
q2_t135,q,135,a
q2_t136,q,136,a
q2_t137,q,137,a
q2_t138,q,138,a
q2_t139,q,139,a
q2_t140,q,140,a
q2_t141,q,141,a
q2_t142,q,142,a
q2_t143,q,143,a
q2_t144,q,144,a
q2_t145,q,145,a
q2_t146,q,146,a
q2_t147,q,147,a
q2_t148,q,148,a
q2_t149,q,149,a
q2_t150,q,150,a
q2_t151,q,151,a
q2_t152,q,152,a
q2_t2,q,2,a
q2_t3,q,3,a
q2_t68,q,68,a
q2_t69,q,69,a
q2_t70,q,70,a
q2_t8,q,8,a
q2_t81,q,81,a
q2_t82,q,82,a
q2_t83,q,83,a
q2_t84,q,84,a
q2_t85,q,85,a
q2_t86,q,86,a
q2_t87,q,87,a
q2_t88,q,88,a
q2_t89,q,89,a
q2_t9,q,9,a
q2_t90,q,90,a
q2_t91,q,91,a
q2_t92,q,92,a
q2_t93,q,93,a
q2_t94,q,94,a
q2_t95,q,95,a
q2_t96,q,96,a
q2_t97,q,97,a
q2_t98,q,98,a
q2_t99,q,99,a
q3_t0,q,0,a
q3_t1,q,1,a
q3_t100,q,100,a
q3_t101,q,101,a
q3_t102,q,102,a
q3_t103,q,103,a
q3_t104,q,104,a
q3_t105,q,105,a
q3_t106,q,106,a
q3_t107,q,107,a
q3_t108,q,108,a
q3_t109,q,109,a
q3_t11,q,11,a
q3_t110,q,110,a
q3_t111,q,111,a
q3_t112,q,112,a
q3_t113,q,113,a
q3_t114,q,114,a
q3_t115,q,115,a
q3_t116,q,116,a
q3_t117,q,117,a
q3_t118,q,118,a
q3_t119,q,119,a
q3_t12,q,12,a
q3_t120,q,120,a
q3_t121,q,121,a
q3_t122,q,122,a
q3_t123,q,123,a
q3_t124,q,124,a
q3_t125,q,125,a
q3_t126,q,126,a
q3_t127,q,127,a
q3_t128,q,128,a
q3_t129,q,129,a
q3_t13,q,13,a
q3_t130,q,130,a
q3_t131,q,131,a
q3_t132,q,132,a
q3_t133,q,133,a
q3_t134,q,134,a
q3_t135,q,135,a
q3_t136,q,136,a
q3_t137,q,137,a
q3_t138,q,138,a
q3_t139,q,139,a
q3_t140,q,140,a
q3_t141,q,141,a
q3_t142,q,142,a
q3_t143,q,143,a
q3_t144,q,144,a
q3_t145,q,145,a
q3_t146,q,146,a
q3_t147,q,147,a
q3_t148,q,148,a
q3_t149,q,149,a
q3_t150,q,150,a
q3_t151,q,151,a
q3_t152,q,152,a
q3_t153,q,153,a
q3_t154,q,154,a
q3_t155,q,155,a
q3_t2,q,2,a
q3_t3,q,3,a
q3_t65,q,65,a
q3_t66,q,66,a
q3_t67,q,67,a
q3_t84,q,84,a
q3_t85,q,85,a
q3_t86,q,86,a
q3_t87,q,87,a
q3_t88,q,88,a
q3_t89,q,89,a
q3_t90,q,90,a
q3_t91,q,91,a
q3_t92,q,92,a
q3_t93,q,93,a
q3_t94,q,94,a
q3_t95,q,95,a
q3_t96,q,96,a
q3_t97,q,97,a
q3_t98,q,98,a
q3_t99,q,99,a
q4_t0,q,0,a
q4_t1,q,1,a
q4_t100,q,100,a
q4_t101,q,101,a
q4_t102,q,102,a
q4_t103,q,103,a
q4_t104,q,104,a
q4_t105,q,105,a
q4_t106,q,106,a
q4_t107,q,107,a
q4_t108,q,108,a
q4_t109,q,109,a
q4_t110,q,110,a
q4_t111,q,111,a
q4_t112,q,112,a
q4_t113,q,113,a
q4_t114,q,114,a
q4_t115,q,115,a
q4_t116,q,116,a
q4_t117,q,117,a
q4_t118,q,118,a
q4_t119,q,119,a
q4_t120,q,120,a
q4_t121,q,121,a
q4_t122,q,122,a
q4_t123,q,123,a
q4_t124,q,124,a
q4_t125,q,125,a
q4_t126,q,126,a
q4_t127,q,127,a
q4_t128,q,128,a
q4_t129,q,129,a
q4_t130,q,130,a
q4_t131,q,131,a
q4_t132,q,132,a
q4_t133,q,133,a
q4_t134,q,134,a
q4_t135,q,135,a
q4_t136,q,136,a
q4_t137,q,137,a
q4_t138,q,138,a
q4_t139,q,139,a
q4_t14,q,14,a
q4_t140,q,140,a
q4_t141,q,141,a
q4_t142,q,142,a
q4_t143,q,143,a
q4_t144,q,144,a
q4_t145,q,145,a
q4_t146,q,146,a
q4_t147,q,147,a
q4_t148,q,148,a
q4_t149,q,149,a
q4_t15,q,15,a
q4_t150,q,150,a
q4_t151,q,151,a
q4_t152,q,152,a
q4_t153,q,153,a
q4_t154,q,154,a
q4_t155,q,155,a
q4_t156,q,156,a
q4_t157,q,157,a
q4_t158,q,158,a
q4_t16,q,16,a
q4_t2,q,2,a
q4_t3,q,3,a
q4_t62,q,62,a
q4_t63,q,63,a
q4_t64,q,64,a
q4_t87,q,87,a
q4_t88,q,88,a
q4_t89,q,89,a
q4_t90,q,90,a
q4_t91,q,91,a
q4_t92,q,92,a
q4_t93,q,93,a
q4_t94,q,94,a
q4_t95,q,95,a
q4_t96,q,96,a
q4_t97,q,97,a
q4_t98,q,98,a
q4_t99,q,99,a
q5_t0,q,0,a
q5_t1,q,1,a
q5_t100,q,100,a
q5_t101,q,101,a
q5_t102,q,102,a
q5_t103,q,103,a
q5_t104,q,104,a
q5_t105,q,105,a
q5_t106,q,106,a
q5_t107,q,107,a
q5_t108,q,108,a
q5_t109,q,109,a
q5_t110,q,110,a
q5_t111,q,111,a
q5_t112,q,112,a
q5_t113,q,113,a
q5_t114,q,114,a
q5_t115,q,115,a
q5_t116,q,116,a
q5_t117,q,117,a
q5_t118,q,118,a
q5_t119,q,119,a
q5_t120,q,120,a
q5_t121,q,121,a
q5_t122,q,122,a
q5_t123,q,123,a
q5_t124,q,124,a
q5_t125,q,125,a
q5_t126,q,126,a
q5_t127,q,127,a
q5_t128,q,128,a
q5_t129,q,129,a
q5_t130,q,130,a
q5_t131,q,131,a
q5_t132,q,132,a
q5_t133,q,133,a
q5_t134,q,134,a
q5_t135,q,135,a
q5_t136,q,136,a
q5_t137,q,137,a
q5_t138,q,138,a
q5_t139,q,139,a
q5_t140,q,140,a
q5_t141,q,141,a
q5_t142,q,142,a
q5_t143,q,143,a
q5_t144,q,144,a
q5_t145,q,145,a
q5_t146,q,146,a
q5_t147,q,147,a
q5_t148,q,148,a
q5_t149,q,149,a
q5_t150,q,150,a
q5_t151,q,151,a
q5_t152,q,152,a
q5_t153,q,153,a
q5_t154,q,154,a
q5_t155,q,155,a
q5_t156,q,156,a
q5_t157,q,157,a
q5_t158,q,158,a
q5_t159,q,159,a
q5_t160,q,160,a
q5_t161,q,161,a
q5_t17,q,17,a
q5_t18,q,18,a
q5_t19,q,19,a
q5_t2,q,2,a
q5_t3,q,3,a
q5_t59,q,59,a
q5_t60,q,60,a
q5_t61,q,61,a
q5_t90,q,90,a
q5_t91,q,91,a
q5_t92,q,92,a
q5_t93,q,93,a
q5_t94,q,94,a
q5_t95,q,95,a
q5_t96,q,96,a
q5_t97,q,97,a
q5_t98,q,98,a
q5_t99,q,99,a
q6_t0,q,0,a
q6_t1,q,1,a
q6_t100,q,100,a
q6_t101,q,101,a
q6_t102,q,102,a
q6_t103,q,103,a
q6_t104,q,104,a
q6_t105,q,105,a
q6_t106,q,106,a
q6_t107,q,107,a
q6_t108,q,108,a
q6_t109,q,109,a
q6_t110,q,110,a
q6_t111,q,111,a
q6_t112,q,112,a
q6_t113,q,113,a
q6_t114,q,114,a
q6_t115,q,115,a
q6_t116,q,116,a
q6_t117,q,117,a
q6_t118,q,118,a
q6_t119,q,119,a
q6_t120,q,120,a
q6_t121,q,121,a
q6_t122,q,122,a
q6_t123,q,123,a
q6_t124,q,124,a
q6_t125,q,125,a
q6_t126,q,126,a
q6_t127,q,127,a
q6_t128,q,128,a
q6_t129,q,129,a
q6_t130,q,130,a
q6_t131,q,131,a
q6_t132,q,132,a
q6_t133,q,133,a
q6_t134,q,134,a
q6_t135,q,135,a
q6_t136,q,136,a
q6_t137,q,137,a
q6_t138,q,138,a
q6_t139,q,139,a
q6_t140,q,140,a
q6_t141,q,141,a
q6_t142,q,142,a
q6_t143,q,143,a
q6_t144,q,144,a
q6_t145,q,145,a
q6_t146,q,146,a
q6_t147,q,147,a
q6_t148,q,148,a
q6_t149,q,149,a
q6_t150,q,150,a
q6_t151,q,151,a
q6_t152,q,152,a
q6_t153,q,153,a
q6_t154,q,154,a
q6_t155,q,155,a
q6_t156,q,156,a
q6_t157,q,157,a
q6_t158,q,158,a
q6_t159,q,159,a
q6_t160,q,160,a
q6_t161,q,161,a
q6_t162,q,162,a
q6_t163,q,163,a
q6_t164,q,164,a
q6_t2,q,2,a
q6_t20,q,20,a
q6_t21,q,21,a
q6_t22,q,22,a
q6_t3,q,3,a
q6_t56,q,56,a
q6_t57,q,57,a
q6_t58,q,58,a
q6_t93,q,93,a
q6_t94,q,94,a
q6_t95,q,95,a
q6_t96,q,96,a
q6_t97,q,97,a
q6_t98,q,98,a
q6_t99,q,99,a
q7_t0,q,0,a
q7_t1,q,1,a
q7_t100,q,100,a
q7_t101,q,101,a
q7_t102,q,102,a
q7_t103,q,103,a
q7_t104,q,104,a
q7_t105,q,105,a
q7_t106,q,106,a
q7_t107,q,107,a
q7_t108,q,108,a
q7_t109,q,109,a
q7_t110,q,110,a
q7_t111,q,111,a
q7_t112,q,112,a
q7_t113,q,113,a
q7_t114,q,114,a
q7_t115,q,115,a
q7_t116,q,116,a
q7_t117,q,117,a
q7_t118,q,118,a
q7_t119,q,119,a
q7_t120,q,120,a
q7_t121,q,121,a
q7_t122,q,122,a
q7_t123,q,123,a
q7_t124,q,124,a
q7_t125,q,125,a
q7_t126,q,126,a
q7_t127,q,127,a
q7_t128,q,128,a
q7_t129,q,129,a
q7_t130,q,130,a
q7_t131,q,131,a
q7_t132,q,132,a
q7_t133,q,133,a
q7_t134,q,134,a
q7_t135,q,135,a
q7_t136,q,136,a
q7_t137,q,137,a
q7_t138,q,138,a
q7_t139,q,139,a
q7_t140,q,140,a
q7_t141,q,141,a
q7_t142,q,142,a
q7_t143,q,143,a
q7_t144,q,144,a
q7_t145,q,145,a
q7_t146,q,146,a
q7_t147,q,147,a
q7_t148,q,148,a
q7_t149,q,149,a
q7_t150,q,150,a
q7_t151,q,151,a
q7_t152,q,152,a
q7_t153,q,153,a
q7_t154,q,154,a
q7_t155,q,155,a
q7_t156,q,156,a
q7_t157,q,157,a
q7_t158,q,158,a
q7_t159,q,159,a
q7_t160,q,160,a
q7_t161,q,161,a
q7_t162,q,162,a
q7_t163,q,163,a
q7_t164,q,164,a
q7_t165,q,165,a
q7_t166,q,166,a
q7_t167,q,167,a
q7_t2,q,2,a
q7_t23,q,23,a
q7_t24,q,24,a
q7_t25,q,25,a
q7_t3,q,3,a
q7_t53,q,53,a
q7_t54,q,54,a
q7_t55,q,55,a
q7_t96,q,96,a
q7_t97,q,97,a
q7_t98,q,98,a
q7_t99,q,99,a
q8_t0,q,0,a
q8_t1,q,1,a
q8_t100,q,100,a
q8_t101,q,101,a
q8_t102,q,102,a
q8_t103,q,103,a
q8_t104,q,104,a
q8_t105,q,105,a
q8_t106,q,106,a
q8_t107,q,107,a
q8_t108,q,108,a
q8_t109,q,109,a
q8_t110,q,110,a
q8_t111,q,111,a
q8_t112,q,112,a
q8_t113,q,113,a
q8_t114,q,114,a
q8_t115,q,115,a
q8_t116,q,116,a
q8_t117,q,117,a
q8_t118,q,118,a
q8_t119,q,119,a
q8_t120,q,120,a
q8_t121,q,121,a
q8_t122,q,122,a
q8_t123,q,123,a
q8_t124,q,124,a
q8_t125,q,125,a
q8_t126,q,126,a
q8_t127,q,127,a
q8_t128,q,128,a
q8_t129,q,129,a
q8_t130,q,130,a
q8_t131,q,131,a
q8_t132,q,132,a
q8_t133,q,133,a
q8_t134,q,134,a
q8_t135,q,135,a
q8_t136,q,136,a
q8_t137,q,137,a
q8_t138,q,138,a
q8_t139,q,139,a
q8_t140,q,140,a
q8_t141,q,141,a
q8_t142,q,142,a
q8_t143,q,143,a
q8_t144,q,144,a
q8_t145,q,145,a
q8_t146,q,146,a
q8_t147,q,147,a
q8_t148,q,148,a
q8_t149,q,149,a
q8_t150,q,150,a
q8_t151,q,151,a
q8_t152,q,152,a
q8_t153,q,153,a
q8_t154,q,154,a
q8_t155,q,155,a
q8_t156,q,156,a
q8_t157,q,157,a
q8_t158,q,158,a
q8_t159,q,159,a
q8_t160,q,160,a
q8_t161,q,161,a
q8_t162,q,162,a
q8_t163,q,163,a
q8_t164,q,164,a
q8_t165,q,165,a
q8_t166,q,166,a
q8_t167,q,167,a
q8_t168,q,168,a
q8_t169,q,169,a
q8_t170,q,170,a
q8_t2,q,2,a
q8_t26,q,26,a
q8_t27,q,27,a
q8_t28,q,28,a
q8_t3,q,3,a
q8_t50,q,50,a
q8_t51,q,51,a
q8_t52,q,52,a
q8_t99,q,99,a
q9_t0,q,0,a
q9_t1,q,1,a
q9_t102,q,102,a
q9_t103,q,103,a
q9_t104,q,104,a
q9_t105,q,105,a
q9_t106,q,106,a
q9_t107,q,107,a
q9_t108,q,108,a
q9_t109,q,109,a
q9_t110,q,110,a
q9_t111,q,111,a
q9_t112,q,112,a
q9_t113,q,113,a
q9_t114,q,114,a
q9_t115,q,115,a
q9_t116,q,116,a
q9_t117,q,117,a
q9_t118,q,118,a
q9_t119,q,119,a
q9_t120,q,120,a
q9_t121,q,121,a
q9_t122,q,122,a
q9_t123,q,123,a
q9_t124,q,124,a
q9_t125,q,125,a
q9_t126,q,126,a
q9_t127,q,127,a
q9_t128,q,128,a
q9_t129,q,129,a
q9_t130,q,130,a
q9_t131,q,131,a
q9_t132,q,132,a
q9_t133,q,133,a
q9_t134,q,134,a
q9_t135,q,135,a
q9_t136,q,136,a
q9_t137,q,137,a
q9_t138,q,138,a
q9_t139,q,139,a
q9_t140,q,140,a
q9_t141,q,141,a
q9_t142,q,142,a
q9_t143,q,143,a
q9_t144,q,144,a
q9_t145,q,145,a
q9_t146,q,146,a
q9_t147,q,147,a
q9_t148,q,148,a
q9_t149,q,149,a
q9_t150,q,150,a
q9_t151,q,151,a
q9_t152,q,152,a
q9_t153,q,153,a
q9_t154,q,154,a
q9_t155,q,155,a
q9_t156,q,156,a
q9_t157,q,157,a
q9_t158,q,158,a
q9_t159,q,159,a
q9_t160,q,160,a
q9_t161,q,161,a
q9_t162,q,162,a
q9_t163,q,163,a
q9_t164,q,164,a
q9_t165,q,165,a
q9_t166,q,166,a
q9_t167,q,167,a
q9_t168,q,168,a
q9_t169,q,169,a
q9_t170,q,170,a
q9_t171,q,171,a
q9_t172,q,172,a
q9_t173,q,173,a
q9_t2,q,2,a
q9_t29,q,29,a
q9_t3,q,3,a
q9_t30,q,30,a
q9_t31,q,31,a
q9_t47,q,47,a
q9_t48,q,48,a
q9_t49,q,49,a
